label,avg_packet_size,inter_packet_interval_ms,packets_per_minute,burstiness
sensor_node,75.35,4620.01,12.99,0.013
sensor_node,65.36,5189.18,11.56,0.133
sensor_node,81.41,4669.55,12.85,0.057
sensor_node,60.72,4774.91,12.57,0.082
sensor_node,60.64,4759.07,12.61,0.125
sensor_node,73.08,4776.35,12.56,0.107
sensor_node,79.43,4605.2,13.03,0.172
sensor_node,76.76,4872.2,12.31,0.0
sensor_node,82.97,4869.28,12.32,0.0
sensor_node,62.32,5278.0,11.37,0.111
sensor_node,79.37,5183.79,11.57,0.091
sensor_node,83.35,4902.83,12.24,0.096
sensor_node,79.91,5094.82,11.78,0.189
sensor_node,73.86,5163.66,11.62,0.0
sensor_node,65.47,4831.51,12.42,0.0
sensor_node,65.59,4680.8,12.82,0.013
sensor_node,75.26,4891.87,12.27,0.041
sensor_node,65.03,4813.58,12.46,0.211
sensor_node,75.55,5087.3,11.79,0.0
sensor_node,77.5,4730.72,12.68,0.044
sensor_node,83.75,5112.0,11.74,0.097
sensor_node,76.43,5274.28,11.38,0.163
sensor_node,65.5,4625.68,12.97,0.025
sensor_node,66.43,4768.79,12.58,0.213
sensor_node,81.03,4851.74,12.37,0.127
sensor_node,69.5,5331.64,11.25,0.068
sensor_node,66.36,4797.3,12.51,0.098
sensor_node,66.31,5067.67,11.84,0.199
sensor_node,69.59,4775.46,12.56,0.229
sensor_node,72.23,4672.73,12.84,0.0
sensor_node,62.63,5101.96,11.76,0.168
sensor_node,70.13,4650.82,12.9,0.044
sensor_node,83.91,5023.29,11.94,0.221
sensor_node,80.66,4609.18,13.02,0.146
sensor_node,76.36,5029.58,11.93,0.01
sensor_node,75.38,4689.24,12.8,0.06
sensor_node,70.89,5363.05,11.19,0.193
sensor_node,66.32,5000.47,12.0,0.0
sensor_node,81.9,5296.41,11.33,0.02
sensor_node,75.33,5087.18,11.79,0.0
sensor_node,78.3,5031.5,11.92,0.164
sensor_node,72.73,4600.46,13.04,0.027
sensor_node,60.47,5343.28,11.23,0.194
sensor_node,79.96,4846.01,12.38,0.0
sensor_node,81.07,5357.56,11.2,0.0
sensor_node,71.66,4655.37,12.89,0.158
sensor_node,78.38,4702.71,12.76,0.073
sensor_node,73.2,4812.05,12.47,0.192
sensor_node,70.16,4769.44,12.58,0.092
sensor_node,77.52,4760.92,12.6,0.024
sensor_node,83.88,5119.9,11.72,0.061
sensor_node,72.42,4696.8,12.77,0.0
sensor_node,68.11,5070.65,11.83,0.0
sensor_node,65.29,4656.79,12.88,0.119
sensor_node,65.49,5324.34,11.27,0.188
sensor_node,61.7,4790.4,12.53,0.131
sensor_node,65.14,4705.85,12.75,0.211
sensor_node,73.71,4978.14,12.05,0.165
sensor_node,79.38,4752.33,12.63,0.0
sensor_node,70.35,4938.86,12.15,0.07
sensor_node,77.5,5138.69,11.68,0.225
sensor_node,62.36,4922.1,12.19,0.032
sensor_node,80.68,4798.93,12.5,0.0
sensor_node,70.77,4937.51,12.15,0.014
sensor_node,66.0,5338.61,11.24,0.063
sensor_node,80.67,5040.26,11.9,0.0
sensor_node,83.98,5268.82,11.39,0.221
sensor_node,82.23,5278.96,11.37,0.0
sensor_node,71.66,4771.0,12.58,0.05
sensor_node,61.41,4903.18,12.24,0.226
sensor_node,66.36,5227.26,11.48,0.067
sensor_node,70.15,5365.85,11.18,0.229
sensor_node,73.34,5174.73,11.59,0.0
sensor_node,67.12,5374.97,11.16,0.104
sensor_node,73.01,5198.38,11.54,0.0
sensor_node,74.02,5002.28,11.99,0.186
sensor_node,63.78,5368.62,11.18,0.0
sensor_node,64.46,5076.03,11.82,0.133
sensor_node,65.64,4695.91,12.78,0.197
sensor_node,65.91,5075.62,11.82,0.116
sensor_node,70.06,5066.94,11.84,0.087
sensor_node,82.43,4763.41,12.6,0.145
sensor_node,65.73,4916.63,12.2,0.132
sensor_node,67.2,4852.94,12.36,0.156
sensor_node,61.74,4966.63,12.08,0.23
sensor_node,83.91,4658.61,12.88,0.0
sensor_node,66.36,5346.61,11.22,0.194
sensor_node,81.1,4895.62,12.26,0.0
sensor_node,80.01,5162.83,11.62,0.114
sensor_node,83.69,5123.18,11.71,0.0
sensor_node,79.61,4839.5,12.4,0.129
sensor_node,82.53,4707.43,12.75,0.0
sensor_node,62.57,5042.58,11.9,0.012
sensor_node,74.52,5174.09,11.6,0.0
sensor_node,75.22,4811.19,12.47,0.077
sensor_node,81.73,5276.88,11.37,0.0
sensor_node,70.17,4821.34,12.44,0.0
sensor_node,78.51,5109.69,11.74,0.009
sensor_node,77.79,5041.34,11.9,0.058
sensor_node,60.23,4660.2,12.87,0.195
sensor_node,81.69,5036.47,11.91,0.18
sensor_node,73.98,4718.48,12.72,0.0
sensor_node,67.4,5319.19,11.28,0.169
sensor_node,80.66,5319.14,11.28,0.0
sensor_node,65.99,4682.23,12.81,0.164
sensor_node,81.22,4925.1,12.18,0.116
sensor_node,63.71,5343.9,11.23,0.189
sensor_node,83.43,5248.62,11.43,0.194
sensor_node,60.59,5189.25,11.56,0.03
sensor_node,82.34,5241.79,11.45,0.189
sensor_node,79.46,4813.44,12.47,0.166
sensor_node,62.59,5297.73,11.33,0.188
sensor_node,65.34,5253.27,11.42,0.068
sensor_node,67.32,5236.28,11.46,0.0
sensor_node,60.57,4754.5,12.62,0.028
sensor_node,80.74,5373.51,11.17,0.014
sensor_node,75.4,4919.74,12.2,0.224
sensor_node,72.87,5351.39,11.21,0.0
sensor_node,83.29,4742.85,12.65,0.219
sensor_node,66.37,4686.72,12.8,0.06
sensor_node,77.49,4850.94,12.37,0.112
sensor_node,72.27,4908.16,12.22,0.103
sensor_node,66.11,5167.03,11.61,0.0
sensor_node,82.21,5030.76,11.93,0.146
sensor_node,77.81,5136.5,11.68,0.039
sensor_node,61.68,5131.39,11.69,0.029
sensor_node,67.53,5278.41,11.37,0.146
sensor_node,67.21,4847.43,12.38,0.053
sensor_node,69.66,4836.52,12.41,0.0
sensor_node,70.09,5352.29,11.21,0.133
sensor_node,81.67,5092.41,11.78,0.02
sensor_node,73.15,4600.32,13.04,0.016
sensor_node,70.32,5063.99,11.85,0.126
sensor_node,71.16,4953.73,12.11,0.0
sensor_node,71.36,5320.94,11.28,0.169
sensor_node,64.07,4667.84,12.85,0.085
sensor_node,75.19,4868.15,12.33,0.176
sensor_node,78.03,5138.24,11.68,0.0
sensor_node,64.78,4619.54,12.99,0.003
sensor_node,71.4,5279.79,11.36,0.0
sensor_node,69.95,5103.81,11.76,0.0
sensor_node,76.71,4995.5,12.01,0.003
sensor_node,75.75,4604.44,13.03,0.155
sensor_node,78.48,4685.27,12.81,0.058
sensor_node,64.22,5366.37,11.18,0.085
sensor_node,61.21,4799.36,12.5,0.185
sensor_node,70.96,5241.13,11.45,0.13
sensor_node,83.71,5076.36,11.82,0.215
sensor_node,81.39,5090.12,11.79,0.146
sensor_node,72.11,5264.46,11.4,0.094
sensor_node,81.53,5194.92,11.55,0.072
sensor_node,66.22,4797.79,12.51,0.121
sensor_node,78.38,5017.04,11.96,0.118
sensor_node,66.59,4661.99,12.87,0.016
sensor_node,66.52,4855.77,12.36,0.092
sensor_node,63.32,4785.01,12.54,0.138
sensor_node,76.95,4651.38,12.9,0.052
sensor_node,73.02,4932.62,12.16,0.0
sensor_node,70.08,5323.87,11.27,0.105
sensor_node,76.69,5285.39,11.35,0.16
sensor_node,69.13,4604.72,13.03,0.036
sensor_node,78.08,5282.76,11.36,0.216
sensor_node,70.06,5198.01,11.54,0.094
sensor_node,74.48,4776.43,12.56,0.0
sensor_node,70.46,4623.22,12.98,0.031
sensor_node,76.3,4923.45,12.19,0.0
sensor_node,71.22,4702.1,12.76,0.117
sensor_node,60.65,4915.22,12.21,0.099
sensor_node,60.65,5114.2,11.73,0.0
sensor_node,71.08,4640.23,12.93,0.044
sensor_node,65.08,4861.48,12.34,0.158
sensor_node,69.1,5201.61,11.53,0.18
sensor_node,66.05,4665.52,12.86,0.0
sensor_node,72.95,5399.93,11.11,0.035
sensor_node,75.6,5224.99,11.48,0.126
sensor_node,78.1,5359.69,11.19,0.0
sensor_node,60.49,4721.91,12.71,0.0
sensor_node,76.07,5051.18,11.88,0.0
sensor_node,76.79,5213.52,11.51,0.0
sensor_node,74.57,5198.34,11.54,0.0
sensor_node,79.66,5371.78,11.17,0.0
sensor_node,60.62,4849.57,12.37,0.133
sensor_node,83.0,4917.32,12.2,0.145
sensor_node,61.82,5152.49,11.64,0.118
sensor_node,62.45,5217.98,11.5,0.185
sensor_node,74.41,4696.84,12.77,0.225
sensor_node,78.78,4877.76,12.3,0.059
sensor_node,68.89,5004.77,11.99,0.032
sensor_node,80.39,5257.86,11.41,0.0
sensor_node,83.06,5108.47,11.75,0.179
sensor_node,76.98,4948.39,12.13,0.15
sensor_node,83.17,4816.07,12.46,0.172
sensor_node,72.92,4986.8,12.03,0.061
sensor_node,77.54,4814.72,12.46,0.186
sensor_node,79.94,4669.33,12.85,0.194
sensor_node,65.85,4971.77,12.07,0.113
sensor_node,69.1,4622.96,12.98,0.185
sensor_node,64.36,4769.7,12.58,0.169
sensor_node,68.17,5304.26,11.31,0.14
sensor_node,66.63,4608.12,13.02,0.214
sensor_node,62.05,5176.06,11.59,0.077
sensor_node,78.2,5152.49,11.64,0.124
sensor_node,71.78,5234.35,11.46,0.0
sensor_node,65.32,5153.43,11.64,0.022
sensor_node,73.96,4978.61,12.05,0.089
sensor_node,70.21,5196.75,11.55,0.029
sensor_node,76.87,4816.73,12.46,0.005
sensor_node,62.9,4754.07,12.62,0.0
sensor_node,72.86,5209.75,11.52,0.0
sensor_node,65.19,4987.36,12.03,0.147
sensor_node,83.44,5019.71,11.95,0.015
sensor_node,62.41,4755.29,12.62,0.0
sensor_node,64.31,4611.32,13.01,0.09
sensor_node,66.58,5379.44,11.15,0.096
sensor_node,76.74,4701.02,12.76,0.191
sensor_node,71.78,5298.18,11.32,0.102
sensor_node,71.27,4952.38,12.12,0.0
sensor_node,61.23,5352.85,11.21,0.073
sensor_node,79.73,4920.57,12.19,0.0
sensor_node,75.11,4642.89,12.92,0.0
sensor_node,73.51,4843.07,12.39,0.228
sensor_node,62.84,5211.55,11.51,0.112
sensor_node,78.98,4780.55,12.55,0.087
sensor_node,70.81,4954.18,12.11,0.188
sensor_node,83.76,4844.3,12.39,0.116
sensor_node,74.63,5192.07,11.56,0.214
sensor_node,64.99,4768.82,12.58,0.128
sensor_node,63.77,4739.05,12.66,0.0
sensor_node,60.06,4960.4,12.1,0.108
sensor_node,66.99,4785.18,12.54,0.142
sensor_node,76.87,4963.23,12.09,0.136
sensor_node,82.17,5230.26,11.47,0.118
sensor_node,75.87,5346.93,11.22,0.058
sensor_node,73.07,5118.11,11.72,0.203
sensor_node,79.84,4657.13,12.88,0.0
sensor_node,67.38,5199.17,11.54,0.101
sensor_node,66.93,4699.48,12.77,0.137
sensor_node,76.79,5354.14,11.21,0.08
sensor_node,71.85,4664.35,12.86,0.0
sensor_node,70.37,4857.86,12.35,0.005
sensor_node,62.19,5369.53,11.17,0.181
sensor_node,73.8,5360.63,11.19,0.23
sensor_node,76.13,4815.61,12.46,0.0
sensor_node,78.15,4976.4,12.06,0.125
sensor_node,81.99,4745.19,12.64,0.106
sensor_node,75.23,4993.38,12.02,0.0
sensor_node,68.35,4866.65,12.33,0.131
sensor_node,80.59,4863.84,12.34,0.138
sensor_node,66.92,5356.15,11.2,0.174
sensor_node,73.2,4963.86,12.09,0.024
sensor_node,67.76,5376.15,11.16,0.051
sensor_node,72.35,5390.5,11.13,0.127
sensor_node,73.02,4930.6,12.17,0.0
sensor_node,68.68,5205.15,11.53,0.118
sensor_node,78.24,4762.85,12.6,0.095
sensor_node,82.26,4950.49,12.12,0.139
sensor_node,62.91,5378.52,11.16,0.113
sensor_node,65.74,4726.7,12.69,0.095
sensor_node,73.25,4674.57,12.84,0.228
sensor_node,81.91,4969.16,12.07,0.0
sensor_node,79.97,4998.7,12.0,0.145
sensor_node,72.21,4818.74,12.45,0.18
sensor_node,83.53,4794.98,12.51,0.095
sensor_node,69.21,5337.49,11.24,0.082
sensor_node,81.1,5291.22,11.34,0.013
sensor_node,78.96,4931.95,12.17,0.21
sensor_node,72.19,5256.44,11.41,0.015
sensor_node,67.17,5069.55,11.84,0.23
sensor_node,71.75,4718.88,12.71,0.092
sensor_node,68.28,5041.53,11.9,0.093
sensor_node,70.93,4857.42,12.35,0.0
sensor_node,76.74,5057.44,11.86,0.0
sensor_node,78.61,4634.92,12.95,0.153
sensor_node,76.93,5249.13,11.43,0.046
sensor_node,75.93,5256.6,11.41,0.224
sensor_node,71.89,4629.62,12.96,0.081
sensor_node,74.16,5295.76,11.33,0.192
sensor_node,70.57,5020.76,11.95,0.067
sensor_node,77.34,4927.98,12.18,0.126
sensor_node,63.7,4975.59,12.06,0.221
sensor_node,68.13,5154.16,11.64,0.125
sensor_node,80.44,5281.87,11.36,0.188
sensor_node,69.12,4853.33,12.36,0.146
sensor_node,78.23,5297.91,11.33,0.0
sensor_node,61.64,5104.93,11.75,0.206
sensor_node,83.94,5197.41,11.54,0.06
sensor_node,62.36,5107.0,11.75,0.192
sensor_node,70.65,5155.2,11.64,0.201
sensor_node,61.1,5236.91,11.46,0.018
sensor_node,69.0,4716.46,12.72,0.089
sensor_node,73.58,5234.02,11.46,0.0
sensor_node,61.9,5296.67,11.33,0.116
sensor_node,65.78,5330.26,11.26,0.0
sensor_node,71.07,4803.18,12.49,0.007
sensor_node,60.23,5243.71,11.44,0.2
sensor_node,76.26,4726.38,12.69,0.063
sensor_node,68.29,5070.06,11.83,0.122
sensor_node,70.18,4800.08,12.5,0.184
sensor_node,64.78,4907.75,12.23,0.075
sensor_node,65.69,5057.54,11.86,0.102
sensor_node,83.82,4836.18,12.41,0.223
sensor_node,75.8,4819.58,12.45,0.1
sensor_node,76.46,5195.74,11.55,0.0
sensor_node,74.55,4997.38,12.01,0.201
sensor_node,66.87,5239.09,11.45,0.112
sensor_node,68.46,5109.29,11.74,0.116
sensor_node,76.27,5176.74,11.59,0.128
sensor_node,80.12,5102.6,11.76,0.201
sensor_node,75.51,4847.15,12.38,0.062
sensor_node,73.91,5185.89,11.57,0.0
sensor_node,67.08,5197.98,11.54,0.0
sensor_node,63.17,5031.53,11.92,0.221
sensor_node,72.74,5330.79,11.26,0.179
sensor_node,66.17,5259.75,11.41,0.075
sensor_node,79.36,5197.25,11.54,0.032
sensor_node,62.76,5370.31,11.17,0.0
sensor_node,83.2,5288.11,11.35,0.147
sensor_node,83.52,5373.82,11.17,0.171
sensor_node,68.78,5232.55,11.47,0.0
sensor_node,72.88,4963.83,12.09,0.132
sensor_node,76.14,5067.65,11.84,0.177
sensor_node,82.57,4686.68,12.8,0.0
sensor_node,60.6,5307.39,11.3,0.098
sensor_node,81.97,4777.09,12.56,0.0
sensor_node,79.77,5327.51,11.26,0.021
sensor_node,69.8,4711.82,12.73,0.214
sensor_node,67.3,4994.1,12.01,0.0
sensor_node,81.29,4708.53,12.74,0.066
sensor_node,76.09,5194.51,11.55,0.214
sensor_node,70.06,5193.82,11.55,0.0
sensor_node,69.96,4679.22,12.82,0.077
sensor_node,69.79,5361.22,11.19,0.0
sensor_node,68.89,4954.71,12.11,0.215
sensor_node,80.53,4679.48,12.82,0.136
sensor_node,73.07,5382.27,11.15,0.038
sensor_node,69.56,4751.85,12.63,0.0
sensor_node,80.35,4963.77,12.09,0.129
sensor_node,75.4,5077.72,11.82,0.0
sensor_node,78.88,4794.86,12.51,0.0
sensor_node,73.55,4654.89,12.89,0.16
sensor_node,64.97,4772.76,12.57,0.191
sensor_node,67.89,4718.04,12.72,0.2
sensor_node,60.07,5286.72,11.35,0.0
sensor_node,63.12,4800.52,12.5,0.0
sensor_node,75.87,4620.62,12.99,0.0
sensor_node,78.96,4790.35,12.53,0.027
sensor_node,64.18,4641.92,12.93,0.153
sensor_node,72.63,5196.53,11.55,0.073
sensor_node,78.67,5010.59,11.97,0.0
sensor_node,72.09,5356.33,11.2,0.0
sensor_node,78.8,5293.58,11.33,0.086
sensor_node,70.99,5371.22,11.17,0.0
sensor_node,71.5,4921.29,12.19,0.136
sensor_node,71.77,5327.76,11.26,0.0
sensor_node,61.94,5086.64,11.8,0.0
sensor_node,66.6,5106.46,11.75,0.095
sensor_node,67.8,5395.7,11.12,0.089
sensor_node,70.89,5084.34,11.8,0.0
sensor_node,76.84,5282.23,11.36,0.125
sensor_node,78.46,5176.67,11.59,0.0
sensor_node,70.84,4782.79,12.54,0.032
sensor_node,70.88,4932.79,12.16,0.0
sensor_node,70.24,5132.09,11.69,0.042
sensor_node,63.66,5338.39,11.24,0.0
sensor_node,79.96,4674.58,12.84,0.0
sensor_node,77.73,5249.42,11.43,0.097
sensor_node,74.08,5049.27,11.88,0.029
sensor_node,62.93,4882.88,12.29,0.13
sensor_node,78.01,5294.47,11.33,0.146
sensor_node,83.24,5080.33,11.81,0.035
sensor_node,73.87,4770.19,12.58,0.127
sensor_node,65.38,4686.57,12.8,0.184
sensor_node,68.82,5210.08,11.52,0.102
sensor_node,79.37,5276.12,11.37,0.222
sensor_node,79.64,5090.86,11.79,0.123
sensor_node,60.63,5343.27,11.23,0.179
sensor_node,66.42,4744.33,12.65,0.141
sensor_node,67.42,4871.86,12.32,0.0
sensor_node,80.88,5053.06,11.87,0.05
sensor_node,63.4,5106.54,11.75,0.0
sensor_node,77.91,4772.11,12.57,0.056
sensor_node,68.18,4896.04,12.25,0.146
sensor_node,78.64,5054.07,11.87,0.0
sensor_node,61.26,4725.93,12.7,0.115
sensor_node,76.18,4817.68,12.45,0.129
sensor_node,71.66,4953.64,12.11,0.012
sensor_node,78.12,4691.05,12.79,0.059
sensor_node,66.8,5142.79,11.67,0.076
sensor_node,76.01,4636.33,12.94,0.049
sensor_node,74.38,4606.15,13.03,0.02
sensor_node,65.07,4709.79,12.74,0.007
sensor_node,67.87,4606.18,13.03,0.154
sensor_node,64.22,4904.17,12.23,0.141
sensor_node,72.01,5266.68,11.39,0.172
sensor_node,61.73,5289.41,11.34,0.0
sensor_node,60.45,5336.93,11.24,0.189
sensor_node,73.82,5058.72,11.86,0.143
sensor_node,70.02,4692.14,12.79,0.0
sensor_node,67.79,5241.06,11.45,0.115
sensor_node,79.97,5335.82,11.24,0.0
sensor_node,80.27,4794.65,12.51,0.107
sensor_node,72.58,4916.61,12.2,0.023
sensor_node,68.15,4866.45,12.33,0.0
sensor_node,72.25,4691.22,12.79,0.083
sensor_node,81.74,4879.5,12.3,0.148
sensor_node,79.65,5252.03,11.42,0.001
sensor_node,63.51,4757.82,12.61,0.111
sensor_node,78.25,5124.41,11.71,0.0
sensor_node,78.55,4995.29,12.01,0.156
sensor_node,78.24,4959.12,12.1,0.207
sensor_node,73.55,5108.24,11.75,0.117
sensor_node,80.74,5101.77,11.76,0.0
sensor_node,61.64,4953.77,12.11,0.021
sensor_node,66.59,4644.94,12.92,0.082
sensor_node,67.45,4961.53,12.09,0.0
sensor_node,79.96,4661.38,12.87,0.189
sensor_node,80.53,5092.01,11.78,0.082
sensor_node,71.11,5043.45,11.9,0.168
sensor_node,81.5,4959.79,12.1,0.173
sensor_node,75.64,4857.22,12.35,0.073
sensor_node,63.62,4649.5,12.9,0.0
sensor_node,81.58,4874.75,12.31,0.144
sensor_node,72.11,4738.05,12.66,0.004
sensor_node,70.51,4951.54,12.12,0.087
sensor_node,63.81,4898.28,12.25,0.015
sensor_node,69.81,4870.69,12.32,0.109
sensor_node,78.94,5117.84,11.72,0.0
sensor_node,62.27,5142.7,11.67,0.015
sensor_node,77.37,5125.25,11.71,0.202
sensor_node,80.96,4866.69,12.33,0.105
sensor_node,63.39,4879.86,12.3,0.22
sensor_node,76.76,4913.57,12.21,0.109
sensor_node,82.51,4847.67,12.38,0.043
sensor_node,79.0,5250.55,11.43,0.131
sensor_node,79.9,5191.02,11.56,0.136
sensor_node,72.63,5116.82,11.73,0.057
sensor_node,68.68,4890.08,12.27,0.0
sensor_node,65.14,5358.13,11.2,0.076
sensor_node,65.44,4710.05,12.74,0.0
sensor_node,80.27,4680.91,12.82,0.161
sensor_node,80.04,5306.95,11.31,0.0
sensor_node,68.08,5213.05,11.51,0.0
sensor_node,69.04,4729.8,12.69,0.179
sensor_node,78.51,5247.23,11.43,0.0
sensor_node,70.5,4928.69,12.17,0.133
sensor_node,65.7,4955.36,12.11,0.015
sensor_node,77.96,4959.14,12.1,0.09
sensor_node,67.43,5246.9,11.44,0.071
sensor_node,80.04,4894.27,12.26,0.214
sensor_node,83.63,4969.34,12.07,0.015
sensor_node,69.16,5021.97,11.95,0.22
sensor_node,79.61,5241.01,11.45,0.0
sensor_node,66.0,5112.94,11.73,0.192
sensor_node,73.31,4682.07,12.81,0.184
sensor_node,80.43,4828.05,12.43,0.159
sensor_node,66.55,5324.24,11.27,0.0
sensor_node,70.5,5357.13,11.2,0.0
sensor_node,70.83,4879.67,12.3,0.0
sensor_node,61.28,5001.61,12.0,0.001
sensor_node,83.87,4899.93,12.25,0.0
sensor_node,82.34,5271.34,11.38,0.125
sensor_node,78.99,4710.08,12.74,0.016
sensor_node,79.91,5156.86,11.63,0.0
sensor_node,76.93,4958.88,12.1,0.0
sensor_node,61.9,4804.74,12.49,0.18
sensor_node,73.17,5181.79,11.58,0.088
sensor_node,62.67,4830.48,12.42,0.02
sensor_node,61.15,4935.86,12.16,0.168
sensor_node,70.97,4688.69,12.8,0.202
sensor_node,74.32,4613.15,13.01,0.085
sensor_node,65.81,4714.86,12.73,0.059
sensor_node,74.76,4792.45,12.52,0.055
sensor_node,75.94,4668.49,12.85,0.222
sensor_node,61.62,5020.85,11.95,0.082
sensor_node,83.72,5043.32,11.9,0.047
sensor_node,71.28,5108.54,11.75,0.224
sensor_node,66.09,4612.99,13.01,0.167
sensor_node,68.28,5186.35,11.57,0.118
sensor_node,78.52,5188.15,11.56,0.03
sensor_node,61.06,5036.81,11.91,0.174
sensor_node,64.2,5223.31,11.49,0.069
sensor_node,76.69,5105.39,11.75,0.173
sensor_node,61.51,5220.95,11.49,0.067
sensor_node,67.04,4635.05,12.94,0.0
sensor_node,61.01,5346.7,11.22,0.085
sensor_node,83.74,5034.42,11.92,0.006
sensor_node,78.08,4752.88,12.62,0.037
sensor_node,78.74,5292.64,11.34,0.03
sensor_node,62.99,4894.42,12.26,0.197
sensor_node,77.84,5315.71,11.29,0.046
sensor_node,83.37,4996.96,12.01,0.079
sensor_node,82.18,5015.42,11.96,0.17
sensor_node,77.45,4663.14,12.87,0.111
sensor_node,79.74,5036.38,11.91,0.026
sensor_node,61.92,5128.74,11.7,0.022
sensor_node,74.46,4940.89,12.14,0.137
sensor_node,68.44,4633.88,12.95,0.191
sensor_node,68.46,5398.52,11.11,0.012
sensor_node,83.52,5358.32,11.2,0.0
sensor_node,75.3,4890.65,12.27,0.17
camera_stream,1264.59,40.24,1490.88,0.133
camera_stream,1238.73,37.5,1599.96,0.1
camera_stream,1044.2,37.46,1601.87,0.2
camera_stream,1157.83,34.08,1760.77,0.272
camera_stream,1264.46,40.18,1493.24,0.202
camera_stream,1294.71,34.18,1755.27,0.249
camera_stream,1163.29,35.39,1695.25,0.165
camera_stream,1060.84,36.77,1631.73,0.24
camera_stream,1159.32,33.99,1765.39,0.169
camera_stream,1113.7,32.14,1866.81,0.389
camera_stream,1122.81,39.66,1512.72,0.237
camera_stream,1064.15,38.65,1552.59,0.226
camera_stream,1343.52,32.12,1867.89,0.116
camera_stream,1265.49,38.53,1557.3,0.186
camera_stream,1145.07,26.04,2304.23,0.253
camera_stream,1340.88,38.62,1553.53,0.304
camera_stream,1353.84,35.2,1704.39,0.328
camera_stream,1203.15,26.94,2227.02,0.15
camera_stream,1070.0,37.65,1593.8,0.098
camera_stream,1219.45,30.9,1941.59,0.331
camera_stream,1218.59,34.79,1724.58,0.116
camera_stream,1131.34,40.99,1463.65,0.306
camera_stream,1209.25,37.31,1608.29,0.337
camera_stream,1046.55,40.56,1479.36,0.283
camera_stream,1181.99,35.88,1672.16,0.193
camera_stream,1336.07,37.48,1600.67,0.282
camera_stream,1085.51,40.46,1482.94,0.22
camera_stream,1347.86,25.89,2317.8,0.127
camera_stream,1075.09,27.63,2171.2,0.187
camera_stream,1275.36,30.54,1964.87,0.372
camera_stream,1342.17,38.53,1557.03,0.165
camera_stream,1248.62,33.81,1774.44,0.128
camera_stream,1129.02,33.54,1789.14,0.241
camera_stream,1080.71,40.07,1497.54,0.136
camera_stream,1257.14,36.53,1642.48,0.272
camera_stream,1323.31,34.02,1763.78,0.338
camera_stream,1030.21,25.73,2332.14,0.282
camera_stream,1227.64,35.42,1694.05,0.32
camera_stream,1169.97,35.22,1703.39,0.239
camera_stream,1245.78,29.63,2024.65,0.377
camera_stream,1193.86,37.88,1584.16,0.295
camera_stream,1127.08,26.17,2292.91,0.108
camera_stream,1178.26,32.75,1832.17,0.151
camera_stream,1238.4,30.0,1999.91,0.306
camera_stream,1284.31,38.77,1547.49,0.383
camera_stream,1067.08,30.93,1939.95,0.258
camera_stream,1134.88,32.46,1848.23,0.17
camera_stream,1109.25,26.55,2259.97,0.177
camera_stream,1158.29,34.85,1721.86,0.164
camera_stream,1331.51,27.56,2177.45,0.188
camera_stream,1227.97,30.0,1999.77,0.319
camera_stream,1199.38,33.24,1805.29,0.24
camera_stream,1131.07,25.37,2364.92,0.374
camera_stream,1201.96,40.47,1482.69,0.155
camera_stream,1147.04,25.81,2324.8,0.238
camera_stream,1337.64,35.47,1691.66,0.231
camera_stream,1213.21,38.55,1556.23,0.219
camera_stream,1337.68,36.64,1637.55,0.319
camera_stream,1151.74,31.41,1910.26,0.261
camera_stream,1090.08,33.85,1772.44,0.112
camera_stream,1201.53,37.23,1611.58,0.174
camera_stream,1376.07,35.89,1671.94,0.126
camera_stream,1371.03,31.3,1916.78,0.328
camera_stream,1142.07,40.02,1499.13,0.316
camera_stream,1091.66,33.15,1810.18,0.24
camera_stream,1036.31,27.19,2206.48,0.19
camera_stream,1190.55,32.31,1856.91,0.272
camera_stream,1205.58,30.25,1983.64,0.274
camera_stream,1078.5,40.85,1468.79,0.312
camera_stream,1127.72,30.38,1974.86,0.338
camera_stream,1211.64,36.34,1651.08,0.18
camera_stream,1313.67,30.89,1942.14,0.292
camera_stream,1372.76,34.34,1747.27,0.329
camera_stream,1281.12,36.01,1666.26,0.098
camera_stream,1190.85,40.47,1482.46,0.325
camera_stream,1299.42,34.24,1752.23,0.306
camera_stream,1230.07,27.73,2163.86,0.279
camera_stream,1243.1,38.46,1560.12,0.134
camera_stream,1265.06,25.51,2352.47,0.374
camera_stream,1059.56,25.3,2371.26,0.184
camera_stream,1074.52,36.05,1664.45,0.213
camera_stream,1298.99,39.73,1510.26,0.352
camera_stream,1284.9,26.0,2308.0,0.131
camera_stream,1094.64,30.2,1986.7,0.289
camera_stream,1209.17,30.02,1998.66,0.142
camera_stream,1348.36,30.48,1968.68,0.196
camera_stream,1297.92,36.53,1642.27,0.283
camera_stream,1269.59,34.76,1726.06,0.148
camera_stream,1108.75,33.93,1768.38,0.157
camera_stream,1370.25,29.76,2016.0,0.177
camera_stream,1094.62,36.28,1653.81,0.185
camera_stream,1145.57,39.94,1502.28,0.329
camera_stream,1118.44,26.95,2226.35,0.293
camera_stream,1156.69,40.68,1474.83,0.336
camera_stream,1363.66,37.87,1584.21,0.177
camera_stream,1123.55,36.43,1647.16,0.194
camera_stream,1179.26,29.1,2061.64,0.234
camera_stream,1092.74,33.62,1784.8,0.37
camera_stream,1270.62,27.2,2206.18,0.275
camera_stream,1231.26,28.88,2077.61,0.291
camera_stream,1211.17,35.21,1704.2,0.106
camera_stream,1168.79,36.48,1644.84,0.12
camera_stream,1297.48,25.08,2392.07,0.255
camera_stream,1354.48,31.51,1904.13,0.371
camera_stream,1336.22,32.64,1838.28,0.15
camera_stream,1367.01,30.14,1990.8,0.284
camera_stream,1346.86,26.43,2270.03,0.262
camera_stream,1212.65,36.57,1640.69,0.371
camera_stream,1348.76,27.8,2158.19,0.355
camera_stream,1083.28,39.71,1510.8,0.389
camera_stream,1162.92,32.93,1822.26,0.371
camera_stream,1366.37,39.82,1506.91,0.353
camera_stream,1023.34,34.09,1760.18,0.122
camera_stream,1373.88,29.55,2030.25,0.387
camera_stream,1215.59,32.9,1823.56,0.372
camera_stream,1326.38,32.49,1846.82,0.148
camera_stream,1060.55,27.6,2173.92,0.228
camera_stream,1112.62,27.98,2144.45,0.311
camera_stream,1304.68,34.08,1760.33,0.317
camera_stream,1083.18,38.7,1550.45,0.359
camera_stream,1317.72,33.24,1804.81,0.116
camera_stream,1260.93,27.96,2146.19,0.132
camera_stream,1136.5,28.97,2071.2,0.168
camera_stream,1104.79,37.06,1618.99,0.376
camera_stream,1128.7,36.57,1640.86,0.093
camera_stream,1255.33,36.08,1662.77,0.109
camera_stream,1062.56,29.91,2006.09,0.212
camera_stream,1200.91,39.32,1525.87,0.301
camera_stream,1131.95,26.88,2232.25,0.365
camera_stream,1126.21,34.83,1722.45,0.156
camera_stream,1068.08,27.45,2185.72,0.314
camera_stream,1238.07,31.65,1895.52,0.255
camera_stream,1189.5,33.6,1785.7,0.289
camera_stream,1098.63,28.96,2071.86,0.316
camera_stream,1334.33,26.31,2280.51,0.224
camera_stream,1273.36,26.25,2285.75,0.259
camera_stream,1042.23,33.76,1777.13,0.242
camera_stream,1226.17,27.4,2189.97,0.188
camera_stream,1207.32,26.86,2233.82,0.152
camera_stream,1229.93,26.46,2268.0,0.243
camera_stream,1311.13,32.25,1860.18,0.244
camera_stream,1184.45,25.92,2314.48,0.229
camera_stream,1310.49,36.57,1640.58,0.209
camera_stream,1313.92,36.93,1624.57,0.263
camera_stream,1036.3,30.51,1966.41,0.109
camera_stream,1377.88,39.95,1501.75,0.111
camera_stream,1356.16,25.51,2352.23,0.213
camera_stream,1296.83,37.25,1610.6,0.383
camera_stream,1252.52,31.73,1891.21,0.388
camera_stream,1157.69,38.91,1541.86,0.362
camera_stream,1155.23,35.92,1670.21,0.289
camera_stream,1214.15,35.46,1692.21,0.194
camera_stream,1084.25,33.6,1785.92,0.249
camera_stream,1282.03,28.56,2100.62,0.091
camera_stream,1028.18,29.77,2015.19,0.292
camera_stream,1216.0,33.51,1790.46,0.337
camera_stream,1109.1,30.54,1964.73,0.173
camera_stream,1357.47,36.6,1639.33,0.124
camera_stream,1311.41,31.71,1892.28,0.32
camera_stream,1338.15,25.25,2376.21,0.152
camera_stream,1056.32,25.54,2349.51,0.269
camera_stream,1273.18,25.78,2327.49,0.312
camera_stream,1164.82,28.75,2087.0,0.155
camera_stream,1330.94,25.9,2316.32,0.241
camera_stream,1124.13,38.05,1576.77,0.309
camera_stream,1134.81,34.57,1735.78,0.292
camera_stream,1135.44,29.83,2011.52,0.133
camera_stream,1257.68,28.54,2102.56,0.18
camera_stream,1041.94,40.18,1493.42,0.354
camera_stream,1348.17,35.02,1713.51,0.218
camera_stream,1198.42,40.56,1479.41,0.372
camera_stream,1261.68,37.57,1596.9,0.186
camera_stream,1169.88,27.39,2190.78,0.203
camera_stream,1291.59,32.58,1841.83,0.345
camera_stream,1128.27,36.32,1651.93,0.332
camera_stream,1349.31,34.0,1764.8,0.38
camera_stream,1220.62,27.15,2210.31,0.163
camera_stream,1093.2,35.35,1697.44,0.367
camera_stream,1324.97,26.48,2265.91,0.307
camera_stream,1088.57,29.3,2048.1,0.292
camera_stream,1237.05,38.98,1539.33,0.146
camera_stream,1294.21,36.59,1639.84,0.258
camera_stream,1192.58,38.91,1541.96,0.19
camera_stream,1364.53,25.25,2376.68,0.371
camera_stream,1366.35,26.88,2232.39,0.39
camera_stream,1192.41,28.88,2077.46,0.271
camera_stream,1093.62,39.64,1513.55,0.256
camera_stream,1299.18,31.09,1929.84,0.25
camera_stream,1149.33,29.18,2055.85,0.244
camera_stream,1199.02,26.58,2257.53,0.384
camera_stream,1189.02,38.44,1561.05,0.364
camera_stream,1153.45,31.62,1897.36,0.259
camera_stream,1099.66,27.33,2195.01,0.168
camera_stream,1356.51,34.27,1750.99,0.215
camera_stream,1074.87,30.28,1981.65,0.204
camera_stream,1320.01,32.99,1818.8,0.286
camera_stream,1266.54,29.12,2060.64,0.336
camera_stream,1367.94,35.27,1701.3,0.237
camera_stream,1080.56,37.72,1590.68,0.141
camera_stream,1279.31,32.81,1828.54,0.365
camera_stream,1215.17,35.27,1701.21,0.108
camera_stream,1032.18,38.55,1556.53,0.374
camera_stream,1260.56,37.23,1611.63,0.214
camera_stream,1323.32,28.7,2090.38,0.302
camera_stream,1023.29,33.09,1813.14,0.202
camera_stream,1242.42,35.67,1682.18,0.275
camera_stream,1193.95,32.81,1828.95,0.092
camera_stream,1218.59,25.19,2381.93,0.249
camera_stream,1118.91,40.64,1476.39,0.095
camera_stream,1312.74,35.78,1676.7,0.332
camera_stream,1347.52,26.71,2246.16,0.119
camera_stream,1073.6,28.07,2137.44,0.248
camera_stream,1313.48,29.28,2049.38,0.209
camera_stream,1154.3,31.5,1904.98,0.26
camera_stream,1376.48,28.61,2096.9,0.295
camera_stream,1325.23,35.46,1692.06,0.347
camera_stream,1293.45,26.5,2264.49,0.204
camera_stream,1218.97,25.9,2316.8,0.093
camera_stream,1081.7,33.0,1818.31,0.22
camera_stream,1302.38,34.05,1761.92,0.347
camera_stream,1054.33,33.45,1793.69,0.103
camera_stream,1096.11,38.89,1542.82,0.356
camera_stream,1191.18,25.74,2330.55,0.112
camera_stream,1353.21,39.39,1523.27,0.259
camera_stream,1031.84,39.86,1505.26,0.184
camera_stream,1366.13,34.39,1744.56,0.316
camera_stream,1276.58,31.37,1912.49,0.113
camera_stream,1078.48,28.85,2079.9,0.34
camera_stream,1160.1,39.34,1524.99,0.19
camera_stream,1292.02,27.24,2202.71,0.387
camera_stream,1280.7,33.01,1817.48,0.382
camera_stream,1039.33,31.99,1875.39,0.342
camera_stream,1142.61,37.3,1608.4,0.376
camera_stream,1162.81,37.38,1605.27,0.099
camera_stream,1118.4,40.88,1467.66,0.237
camera_stream,1148.09,40.06,1497.82,0.22
camera_stream,1264.69,35.57,1686.78,0.116
camera_stream,1242.7,37.77,1588.61,0.304
camera_stream,1049.53,27.47,2184.4,0.304
camera_stream,1248.2,36.83,1628.91,0.185
camera_stream,1058.36,25.08,2392.05,0.182
camera_stream,1149.57,29.32,2046.65,0.13
camera_stream,1087.46,32.18,1864.43,0.256
camera_stream,1166.9,25.42,2360.33,0.196
camera_stream,1053.5,34.57,1735.67,0.187
camera_stream,1158.69,29.67,2022.27,0.206
camera_stream,1050.49,39.42,1522.14,0.362
camera_stream,1372.14,34.15,1756.88,0.141
camera_stream,1157.06,27.22,2204.14,0.18
camera_stream,1197.52,26.01,2306.6,0.22
camera_stream,1171.6,32.75,1832.19,0.113
camera_stream,1110.61,28.95,2072.87,0.278
camera_stream,1233.77,28.13,2133.05,0.122
camera_stream,1129.68,40.18,1493.24,0.19
camera_stream,1243.27,37.87,1584.57,0.189
camera_stream,1140.51,38.05,1576.97,0.348
camera_stream,1370.72,27.18,2207.67,0.186
camera_stream,1361.02,28.21,2126.63,0.184
camera_stream,1367.25,40.5,1481.5,0.177
camera_stream,1270.18,32.86,1826.14,0.263
camera_stream,1107.27,31.02,1934.43,0.335
camera_stream,1161.46,26.82,2236.95,0.259
camera_stream,1233.2,33.73,1778.83,0.295
camera_stream,1218.04,40.25,1490.75,0.228
camera_stream,1275.01,32.02,1874.11,0.177
camera_stream,1269.42,38.1,1574.66,0.329
camera_stream,1167.29,32.99,1818.8,0.28
camera_stream,1107.13,35.54,1688.3,0.305
camera_stream,1304.07,26.18,2291.52,0.387
camera_stream,1192.52,31.41,1910.04,0.242
camera_stream,1351.34,36.07,1663.55,0.253
camera_stream,1304.66,30.75,1951.06,0.359
camera_stream,1213.29,35.21,1704.02,0.115
camera_stream,1296.82,35.52,1689.11,0.197
camera_stream,1252.92,25.71,2333.84,0.385
camera_stream,1263.89,31.39,1911.2,0.316
camera_stream,1367.66,31.89,1881.63,0.093
camera_stream,1113.15,33.17,1808.82,0.246
camera_stream,1228.99,34.2,1754.19,0.224
camera_stream,1160.81,37.36,1606.1,0.267
camera_stream,1200.17,30.52,1965.96,0.097
camera_stream,1057.64,31.66,1895.4,0.379
camera_stream,1061.78,40.05,1498.1,0.133
camera_stream,1132.28,32.29,1858.43,0.152
camera_stream,1193.85,32.62,1839.44,0.221
camera_stream,1270.83,30.1,1993.19,0.18
camera_stream,1311.67,26.84,2235.36,0.345
camera_stream,1253.27,35.83,1674.38,0.139
camera_stream,1374.2,28.9,2075.94,0.142
camera_stream,1077.65,33.96,1766.91,0.378
camera_stream,1103.47,31.48,1905.93,0.145
camera_stream,1250.57,31.91,1880.04,0.099
camera_stream,1241.08,28.16,2130.89,0.268
camera_stream,1159.98,36.28,1654.0,0.152
camera_stream,1290.84,37.94,1581.46,0.109
camera_stream,1056.63,38.95,1540.37,0.146
camera_stream,1137.35,32.32,1856.39,0.169
camera_stream,1330.55,33.44,1794.07,0.282
camera_stream,1234.91,34.78,1725.08,0.266
camera_stream,1145.25,38.53,1557.3,0.275
camera_stream,1312.95,36.3,1653.08,0.179
camera_stream,1241.21,26.36,2276.52,0.13
camera_stream,1062.43,29.89,2007.62,0.145
camera_stream,1269.64,33.17,1808.69,0.215
camera_stream,1069.63,31.14,1926.82,0.146
camera_stream,1248.78,36.09,1662.28,0.284
camera_stream,1379.96,33.88,1771.03,0.237
camera_stream,1070.51,30.03,1997.78,0.225
camera_stream,1039.3,30.74,1951.56,0.093
camera_stream,1069.15,38.04,1577.14,0.379
camera_stream,1201.96,32.92,1822.63,0.295
camera_stream,1169.63,38.44,1560.94,0.237
camera_stream,1049.76,25.49,2353.52,0.318
camera_stream,1125.15,29.4,2040.98,0.251
camera_stream,1080.56,32.32,1856.6,0.313
camera_stream,1295.73,33.8,1775.38,0.124
camera_stream,1061.11,37.4,1604.2,0.337
camera_stream,1152.07,38.16,1572.25,0.102
camera_stream,1278.83,33.74,1778.22,0.387
camera_stream,1056.87,38.28,1567.35,0.315
camera_stream,1127.18,40.99,1463.81,0.225
camera_stream,1145.49,38.07,1576.14,0.222
camera_stream,1377.82,37.41,1603.84,0.161
camera_stream,1311.85,34.41,1743.84,0.195
camera_stream,1275.87,35.12,1708.22,0.14
camera_stream,1070.12,28.31,2119.7,0.152
camera_stream,1041.37,30.61,1959.95,0.174
camera_stream,1213.96,30.18,1988.17,0.301
camera_stream,1124.16,29.28,2049.36,0.347
camera_stream,1374.78,35.87,1672.76,0.119
camera_stream,1366.6,37.57,1596.97,0.366
camera_stream,1377.3,38.87,1543.5,0.128
camera_stream,1331.79,28.99,2069.33,0.303
camera_stream,1318.25,37.18,1613.62,0.293
camera_stream,1196.21,34.24,1752.4,0.171
camera_stream,1169.12,32.23,1861.51,0.28
camera_stream,1336.85,26.49,2265.05,0.245
camera_stream,1120.16,39.98,1500.7,0.201
camera_stream,1362.09,30.24,1984.35,0.091
camera_stream,1298.69,36.72,1633.83,0.309
camera_stream,1185.04,35.63,1684.15,0.197
camera_stream,1042.8,33.55,1788.33,0.155
camera_stream,1174.67,28.39,2113.45,0.171
camera_stream,1318.2,30.4,1973.42,0.263
camera_stream,1223.81,32.77,1831.2,0.193
camera_stream,1265.72,25.77,2327.88,0.12
camera_stream,1302.2,32.35,1854.52,0.127
camera_stream,1328.75,32.06,1871.46,0.09
camera_stream,1364.89,28.24,2124.86,0.297
camera_stream,1067.49,35.4,1694.92,0.138
camera_stream,1355.78,29.38,2041.91,0.286
camera_stream,1110.14,30.95,1938.64,0.361
camera_stream,1079.59,31.34,1914.4,0.182
camera_stream,1271.8,28.75,2087.23,0.287
camera_stream,1273.33,25.02,2398.33,0.233
camera_stream,1067.77,28.62,2096.51,0.294
camera_stream,1023.34,36.13,1660.69,0.335
camera_stream,1375.74,31.76,1889.35,0.13
camera_stream,1045.5,31.13,1927.46,0.309
camera_stream,1056.87,30.01,1999.09,0.354
camera_stream,1069.37,37.38,1605.34,0.316
camera_stream,1067.93,40.89,1467.46,0.133
camera_stream,1210.98,25.14,2387.05,0.285
camera_stream,1178.44,36.56,1641.19,0.278
camera_stream,1074.49,31.59,1899.49,0.296
camera_stream,1329.59,26.39,2273.85,0.12
camera_stream,1290.88,34.43,1742.51,0.205
camera_stream,1366.77,30.03,1997.87,0.132
camera_stream,1119.71,26.35,2277.21,0.256
camera_stream,1236.0,34.72,1728.04,0.324
camera_stream,1268.57,38.57,1555.76,0.288
camera_stream,1128.59,33.28,1802.67,0.243
camera_stream,1289.22,29.73,2018.25,0.106
camera_stream,1343.25,40.27,1489.77,0.238
camera_stream,1060.59,32.99,1818.55,0.268
camera_stream,1210.18,40.64,1476.26,0.386
camera_stream,1356.21,27.11,2213.06,0.348
camera_stream,1224.62,30.85,1945.11,0.295
camera_stream,1294.58,40.27,1489.9,0.321
camera_stream,1026.01,26.08,2300.57,0.169
camera_stream,1034.34,25.97,2310.58,0.327
camera_stream,1202.38,35.06,1711.49,0.24
camera_stream,1169.56,36.23,1656.13,0.115
camera_stream,1213.16,34.86,1721.33,0.173
camera_stream,1131.57,33.18,1808.27,0.151
camera_stream,1310.9,33.58,1786.66,0.207
camera_stream,1248.35,38.35,1564.44,0.294
camera_stream,1043.8,36.18,1658.43,0.309
camera_stream,1324.73,25.93,2314.23,0.116
camera_stream,1176.41,32.25,1860.24,0.273
camera_stream,1131.34,36.87,1627.47,0.312
camera_stream,1063.0,36.33,1651.69,0.3
camera_stream,1078.98,40.25,1490.75,0.247
camera_stream,1301.88,36.53,1642.38,0.14
camera_stream,1065.7,37.5,1600.09,0.171
camera_stream,1339.11,37.34,1606.73,0.099
camera_stream,1310.56,29.35,2044.18,0.109
camera_stream,1276.44,34.23,1753.03,0.113
camera_stream,1183.87,30.76,1950.46,0.24
camera_stream,1224.08,30.88,1942.82,0.167
camera_stream,1057.05,34.18,1755.28,0.307
camera_stream,1102.23,33.14,1810.44,0.103
camera_stream,1330.65,28.91,2075.2,0.232
camera_stream,1157.87,27.4,2189.67,0.369
camera_stream,1328.69,33.85,1772.74,0.364
camera_stream,1286.64,31.71,1892.15,0.187
camera_stream,1169.85,36.52,1642.73,0.171
camera_stream,1048.04,30.96,1937.68,0.241
camera_stream,1344.7,27.87,2152.89,0.331
camera_stream,1373.31,40.27,1490.12,0.111
camera_stream,1187.43,29.52,2032.73,0.343
camera_stream,1137.83,33.85,1772.55,0.092
camera_stream,1092.24,34.02,1763.62,0.181
camera_stream,1244.18,32.42,1850.55,0.268
camera_stream,1197.61,37.36,1605.92,0.149
camera_stream,1344.16,37.17,1614.3,0.164
camera_stream,1022.3,31.56,1901.11,0.16
camera_stream,1144.71,38.43,1561.15,0.353
camera_stream,1362.36,25.02,2397.76,0.287
camera_stream,1325.64,36.64,1637.76,0.121
camera_stream,1210.73,28.81,2082.56,0.238
camera_stream,1041.56,40.95,1465.15,0.303
camera_stream,1053.49,39.74,1509.8,0.359
camera_stream,1207.11,36.21,1656.84,0.202
camera_stream,1370.84,26.36,2276.31,0.119
camera_stream,1068.06,38.12,1574.0,0.112
camera_stream,1224.42,31.96,1877.36,0.379
camera_stream,1105.24,29.18,2056.5,0.185
camera_stream,1308.29,36.21,1656.93,0.311
camera_stream,1134.5,29.35,2044.2,0.112
camera_stream,1092.98,37.48,1600.9,0.265
camera_stream,1075.95,27.63,2171.55,0.23
camera_stream,1166.34,33.57,1787.05,0.379
camera_stream,1094.75,29.93,2004.48,0.17
camera_stream,1063.17,27.52,2180.09,0.296
camera_stream,1317.5,36.15,1659.75,0.102
camera_stream,1320.93,30.24,1983.82,0.117
camera_stream,1109.36,30.69,1954.91,0.244
camera_stream,1263.79,29.16,2057.42,0.387
camera_stream,1031.19,31.47,1906.56,0.226
camera_stream,1289.31,29.0,2069.13,0.229
camera_stream,1309.4,27.24,2202.91,0.094
camera_stream,1318.93,40.72,1473.44,0.129
camera_stream,1316.52,30.96,1938.25,0.279
camera_stream,1252.09,34.32,1748.4,0.168
camera_stream,1312.59,25.35,2366.98,0.109
camera_stream,1344.9,32.09,1869.46,0.129
camera_stream,1345.83,38.27,1567.82,0.189
camera_stream,1035.37,32.38,1853.23,0.14
camera_stream,1226.6,38.15,1572.86,0.208
camera_stream,1030.61,35.93,1669.85,0.142
camera_stream,1097.3,27.99,2143.28,0.174
camera_stream,1338.03,25.55,2347.93,0.276
camera_stream,1108.48,29.72,2018.73,0.214
camera_stream,1218.25,25.98,2309.85,0.174
camera_stream,1069.4,28.19,2128.31,0.355
camera_stream,1209.29,35.09,1709.79,0.331
camera_stream,1306.14,40.83,1469.49,0.325
camera_stream,1149.28,33.71,1779.77,0.235
camera_stream,1348.56,33.04,1816.07,0.207
camera_stream,1084.73,30.1,1993.22,0.156
camera_stream,1342.48,37.46,1601.85,0.108
camera_stream,1376.95,33.47,1792.6,0.32
camera_stream,1379.86,40.58,1478.43,0.12
camera_stream,1256.47,29.26,2050.27,0.335
camera_stream,1350.21,25.89,2317.09,0.389
camera_stream,1098.99,38.54,1556.66,0.329
camera_stream,1147.73,38.43,1561.38,0.344
camera_stream,1083.4,34.48,1740.12,0.332
camera_stream,1271.15,39.62,1514.25,0.098
camera_stream,1272.2,40.16,1493.99,0.259
camera_stream,1222.72,28.01,2141.96,0.386
camera_stream,1337.39,32.88,1825.06,0.183
camera_stream,1196.56,26.44,2268.94,0.16
camera_stream,1098.77,33.42,1795.16,0.09
camera_stream,1350.44,28.22,2125.89,0.129
camera_stream,1278.1,39.7,1511.32,0.343
camera_stream,1136.49,25.35,2366.81,0.266
camera_stream,1350.2,37.39,1604.71,0.344
camera_stream,1329.84,40.37,1486.29,0.202
camera_stream,1359.09,31.33,1915.13,0.12
camera_stream,1128.64,27.18,2207.24,0.137
camera_stream,1361.53,37.67,1592.8,0.378
camera_stream,1253.7,27.79,2159.26,0.381
camera_stream,1269.68,39.86,1505.21,0.326
camera_stream,1100.37,34.42,1743.01,0.143
camera_stream,1130.46,36.02,1665.93,0.128
camera_stream,1282.38,40.18,1493.26,0.375
camera_stream,1160.98,40.91,1466.69,0.38
camera_stream,1031.66,34.64,1732.19,0.366
camera_stream,1368.31,28.53,2102.73,0.26
camera_stream,1357.21,27.25,2201.81,0.314
camera_stream,1105.68,40.72,1473.55,0.14
camera_stream,1338.72,26.42,2271.04,0.303
camera_stream,1250.08,39.19,1531.14,0.224
camera_stream,1115.48,28.99,2069.49,0.11
camera_stream,1112.4,26.73,2244.79,0.09
camera_stream,1158.94,36.72,1633.93,0.381
camera_stream,1338.44,32.89,1824.3,0.204
camera_stream,1216.57,26.62,2253.7,0.234
smart_switch,36.37,2071.75,28.96,0.556
smart_switch,27.95,1032.68,58.1,0.604
smart_switch,29.54,1473.69,40.71,0.635
smart_switch,26.89,1206.19,49.74,0.463
smart_switch,34.78,1884.68,31.84,0.619
smart_switch,27.12,1969.25,30.47,0.534
smart_switch,31.79,955.79,62.78,0.633
smart_switch,27.98,2501.56,23.99,0.397
smart_switch,27.22,1269.99,47.24,0.407
smart_switch,34.37,2199.67,27.28,0.569
smart_switch,29.18,1406.74,42.65,0.421
smart_switch,26.6,1929.19,31.1,0.602
smart_switch,27.84,1549.49,38.72,0.478
smart_switch,29.53,2091.64,28.69,0.53
smart_switch,28.4,946.32,63.4,0.401
smart_switch,29.5,1047.48,57.28,0.603
smart_switch,29.7,1615.44,37.14,0.497
smart_switch,33.93,1064.05,56.39,0.513
smart_switch,28.22,2493.89,24.06,0.461
smart_switch,31.35,1373.93,43.67,0.49
smart_switch,28.71,1383.41,43.37,0.368
smart_switch,35.03,2101.44,28.55,0.376
smart_switch,30.13,1874.61,32.01,0.641
smart_switch,33.08,1896.48,31.64,0.602
smart_switch,35.82,1653.54,36.29,0.511
smart_switch,36.4,1754.68,34.19,0.614
smart_switch,31.72,1042.12,57.57,0.621
smart_switch,34.57,1803.78,33.26,0.62
smart_switch,35.61,2119.56,28.31,0.536
smart_switch,27.44,2262.94,26.51,0.402
smart_switch,37.81,2649.9,22.64,0.593
smart_switch,27.51,1662.07,36.1,0.646
smart_switch,31.22,2695.08,22.26,0.538
smart_switch,36.01,1364.2,43.98,0.623
smart_switch,36.97,1020.62,58.79,0.466
smart_switch,30.77,1487.03,40.35,0.433
smart_switch,31.5,2472.24,24.27,0.586
smart_switch,33.48,1840.61,32.6,0.476
smart_switch,30.97,1166.76,51.42,0.526
smart_switch,35.1,2591.37,23.15,0.627
smart_switch,32.75,1081.78,55.46,0.436
smart_switch,32.43,1518.96,39.5,0.473
smart_switch,30.6,1774.05,33.82,0.533
smart_switch,26.45,1395.75,42.99,0.393
smart_switch,33.3,2148.59,27.93,0.362
smart_switch,36.67,1496.69,40.09,0.421
smart_switch,34.95,2557.5,23.46,0.619
smart_switch,26.24,2371.29,25.3,0.441
smart_switch,29.36,1784.91,33.62,0.559
smart_switch,27.18,2464.02,24.35,0.39
smart_switch,37.69,1697.6,35.34,0.598
smart_switch,29.23,1650.19,36.36,0.544
smart_switch,28.26,1280.5,46.86,0.597
smart_switch,34.89,2267.09,26.47,0.61
smart_switch,35.85,1827.49,32.83,0.398
smart_switch,29.73,1812.23,33.11,0.391
smart_switch,36.22,2482.8,24.17,0.359
smart_switch,28.31,2399.27,25.01,0.601
smart_switch,28.99,1721.61,34.85,0.625
smart_switch,34.46,1393.16,43.07,0.597
smart_switch,32.06,2043.74,29.36,0.387
smart_switch,26.37,1570.44,38.21,0.528
smart_switch,28.13,2466.87,24.32,0.526
smart_switch,30.2,1194.32,50.24,0.618
smart_switch,34.99,2139.93,28.04,0.436
smart_switch,30.64,1193.23,50.28,0.522
smart_switch,37.58,2442.8,24.56,0.544
smart_switch,34.13,1384.35,43.34,0.473
smart_switch,26.24,2304.55,26.04,0.58
smart_switch,26.11,2540.73,23.62,0.544
smart_switch,33.21,915.23,65.56,0.426
smart_switch,35.66,1449.83,41.38,0.64
smart_switch,33.71,1662.85,36.08,0.463
smart_switch,30.18,1353.6,44.33,0.49
smart_switch,34.13,2383.76,25.17,0.469
smart_switch,27.23,1820.72,32.95,0.549
smart_switch,36.12,1573.61,38.13,0.544
smart_switch,33.31,1437.26,41.75,0.382
smart_switch,26.77,2679.05,22.4,0.542
smart_switch,36.34,1370.06,43.79,0.563
smart_switch,36.71,1437.82,41.73,0.395
smart_switch,35.19,2519.44,23.81,0.592
smart_switch,35.63,1980.06,30.3,0.548
smart_switch,34.17,2198.31,27.29,0.547
smart_switch,37.97,1366.97,43.89,0.476
smart_switch,30.66,963.57,62.27,0.562
smart_switch,32.86,1241.85,48.32,0.568
smart_switch,28.67,1862.34,32.22,0.585
smart_switch,36.88,2109.36,28.44,0.502
smart_switch,36.15,2413.15,24.86,0.613
smart_switch,28.17,1075.69,55.78,0.388
smart_switch,29.1,2355.02,25.48,0.579
smart_switch,28.2,2123.48,28.26,0.451
smart_switch,27.07,1539.51,38.97,0.573
smart_switch,29.69,2318.56,25.88,0.449
smart_switch,29.13,1429.29,41.98,0.605
smart_switch,31.65,2459.51,24.4,0.525
smart_switch,37.33,1028.19,58.36,0.617
smart_switch,32.01,2461.5,24.38,0.465
smart_switch,29.58,997.31,60.16,0.606
smart_switch,27.65,1260.53,47.6,0.473
smart_switch,32.83,2531.92,23.7,0.487
smart_switch,29.8,2188.2,27.42,0.584
smart_switch,31.85,2035.86,29.47,0.403
smart_switch,33.61,908.48,66.04,0.432
smart_switch,35.13,1203.49,49.85,0.579
smart_switch,31.87,2274.42,26.38,0.376
smart_switch,33.37,2040.28,29.41,0.471
smart_switch,37.58,1589.97,37.74,0.361
smart_switch,28.39,1571.58,38.18,0.354
smart_switch,29.87,2399.81,25.0,0.407
smart_switch,34.12,2028.04,29.59,0.425
smart_switch,34.32,1519.83,39.48,0.389
smart_switch,30.6,1959.61,30.62,0.4
smart_switch,35.89,1436.76,41.76,0.437
smart_switch,34.73,1973.47,30.4,0.451
smart_switch,36.66,2691.85,22.29,0.453
smart_switch,36.82,1546.65,38.79,0.407
smart_switch,37.38,2552.77,23.5,0.471
smart_switch,28.74,2208.9,27.16,0.389
smart_switch,34.81,1961.45,30.59,0.401
smart_switch,30.4,2070.97,28.97,0.361
smart_switch,36.52,1360.42,44.1,0.51
smart_switch,26.58,2690.42,22.3,0.549
smart_switch,33.84,935.54,64.13,0.557
smart_switch,31.0,1584.46,37.87,0.514
smart_switch,31.69,1175.63,51.04,0.559
smart_switch,33.56,1442.01,41.61,0.548
smart_switch,33.95,1385.96,43.29,0.532
smart_switch,27.65,2395.17,25.05,0.381
smart_switch,34.63,1111.92,53.96,0.384
smart_switch,27.28,1257.56,47.71,0.41
smart_switch,29.16,1841.66,32.58,0.411
smart_switch,34.44,1431.63,41.91,0.362
smart_switch,31.96,1273.85,47.1,0.63
smart_switch,29.97,904.93,66.3,0.551
smart_switch,36.88,2403.42,24.96,0.551
smart_switch,27.79,1062.15,56.49,0.504
smart_switch,34.68,1082.32,55.44,0.427
smart_switch,28.77,2679.6,22.39,0.439
smart_switch,31.57,1079.66,55.57,0.402
smart_switch,26.47,1423.02,42.16,0.59
smart_switch,29.75,2229.37,26.91,0.378
smart_switch,35.1,982.6,61.06,0.606
smart_switch,33.96,1206.92,49.71,0.457
smart_switch,31.25,2019.25,29.71,0.614
smart_switch,27.12,2366.94,25.35,0.405
smart_switch,30.81,2632.16,22.79,0.432
smart_switch,30.63,2431.21,24.68,0.59
smart_switch,33.79,2334.44,25.7,0.384
smart_switch,34.35,1005.56,59.67,0.633
smart_switch,27.91,1648.85,36.39,0.527
smart_switch,35.63,2121.11,28.29,0.404
smart_switch,30.56,1545.48,38.82,0.359
smart_switch,34.21,2409.37,24.9,0.642
smart_switch,27.57,2556.72,23.47,0.384
smart_switch,30.94,982.75,61.05,0.428
smart_switch,29.77,2168.22,27.67,0.553
smart_switch,35.21,1937.97,30.96,0.52
smart_switch,37.73,2105.72,28.49,0.451
smart_switch,32.28,2161.04,27.76,0.379
smart_switch,33.94,1347.44,44.53,0.454
smart_switch,34.12,1592.78,37.67,0.602
smart_switch,32.7,2678.02,22.4,0.366
smart_switch,33.72,1182.47,50.74,0.605
smart_switch,36.22,2464.95,24.34,0.372
smart_switch,31.9,1333.61,44.99,0.641
smart_switch,26.6,1300.87,46.12,0.543
smart_switch,30.84,1323.0,45.35,0.488
smart_switch,35.62,1706.58,35.16,0.607
smart_switch,31.36,1113.67,53.88,0.499
smart_switch,33.84,1084.76,55.31,0.474
smart_switch,32.69,900.31,66.64,0.377
smart_switch,33.25,2014.32,29.79,0.441
smart_switch,32.1,1272.33,47.16,0.551
smart_switch,37.4,1554.02,38.61,0.366
smart_switch,28.68,1718.03,34.92,0.518
smart_switch,33.44,1751.64,34.25,0.547
smart_switch,34.59,1105.24,54.29,0.578
smart_switch,28.66,1514.44,39.62,0.599
smart_switch,37.57,1425.57,42.09,0.507
smart_switch,34.43,982.4,61.07,0.399
smart_switch,27.69,2190.34,27.39,0.566
smart_switch,27.28,1999.53,30.01,0.406
smart_switch,37.16,1607.21,37.33,0.487
smart_switch,35.38,2190.22,27.39,0.382
smart_switch,30.97,2567.93,23.37,0.601
smart_switch,33.07,2289.86,26.2,0.485
smart_switch,33.9,2621.14,22.89,0.39
smart_switch,31.99,1854.66,32.35,0.365
smart_switch,37.22,2409.87,24.9,0.495
smart_switch,32.1,2558.09,23.45,0.403
smart_switch,32.94,2214.89,27.09,0.389
smart_switch,30.65,1980.98,30.29,0.615
smart_switch,32.05,1592.39,37.68,0.644
smart_switch,36.99,2272.27,26.41,0.432
smart_switch,37.56,2646.88,22.67,0.486
smart_switch,27.6,1642.94,36.52,0.56
smart_switch,34.98,1438.04,41.72,0.56
smart_switch,36.33,2181.37,27.51,0.631
smart_switch,33.59,1261.6,47.56,0.537
smart_switch,29.49,1521.53,39.43,0.552
smart_switch,37.78,2070.16,28.98,0.637
smart_switch,32.05,2149.76,27.91,0.447
smart_switch,27.38,1534.03,39.11,0.494
smart_switch,32.85,2100.88,28.56,0.475
smart_switch,34.97,2414.5,24.85,0.436
smart_switch,36.17,2354.95,25.48,0.507
smart_switch,26.3,1161.59,51.65,0.551
smart_switch,28.4,2250.33,26.66,0.398
smart_switch,29.44,1351.01,44.41,0.602
smart_switch,34.29,1431.25,41.92,0.576
smart_switch,26.39,2365.25,25.37,0.381
smart_switch,36.42,2231.09,26.89,0.609
smart_switch,34.91,1910.29,31.41,0.421
smart_switch,35.41,2337.88,25.66,0.436
smart_switch,33.97,2567.67,23.37,0.466
smart_switch,37.48,2656.48,22.59,0.444
smart_switch,32.63,923.34,64.98,0.425
smart_switch,33.45,2305.66,26.02,0.611
smart_switch,35.96,2540.68,23.62,0.561
smart_switch,33.77,2259.19,26.56,0.514
smart_switch,33.24,2297.06,26.12,0.639
smart_switch,29.53,1219.37,49.21,0.555
smart_switch,28.24,1212.83,49.47,0.504
smart_switch,30.53,1671.31,35.9,0.517
smart_switch,27.56,1951.17,30.75,0.427
smart_switch,29.97,2177.44,27.56,0.396
smart_switch,27.84,1480.73,40.52,0.365
smart_switch,37.19,2008.1,29.88,0.549
smart_switch,31.89,1930.82,31.07,0.457
smart_switch,35.41,1472.15,40.76,0.416
smart_switch,28.21,1022.72,58.67,0.502
smart_switch,30.99,1866.66,32.14,0.378
smart_switch,28.65,1284.04,46.73,0.45
smart_switch,30.33,1293.2,46.4,0.576
smart_switch,32.37,2693.94,22.27,0.597
smart_switch,37.77,915.85,65.51,0.551
smart_switch,31.35,2528.09,23.73,0.534
smart_switch,33.45,2626.01,22.85,0.555
smart_switch,29.85,2548.68,23.54,0.633
smart_switch,30.63,1872.43,32.04,0.435
smart_switch,36.94,2379.8,25.21,0.462
smart_switch,35.63,1702.0,35.25,0.363
smart_switch,36.78,1246.52,48.13,0.504
smart_switch,37.38,1201.31,49.95,0.637
smart_switch,32.46,913.2,65.7,0.37
smart_switch,34.04,2292.45,26.17,0.609
smart_switch,31.09,1087.07,55.19,0.511
smart_switch,34.43,2657.2,22.58,0.583
smart_switch,33.76,2591.55,23.15,0.574
smart_switch,27.85,1726.61,34.75,0.45
smart_switch,27.05,997.68,60.14,0.588
smart_switch,32.7,1934.93,31.01,0.418
smart_switch,29.1,1598.46,37.54,0.539
smart_switch,31.2,930.4,64.49,0.552
smart_switch,32.42,2054.56,29.2,0.536
smart_switch,35.07,1954.09,30.7,0.56
smart_switch,26.87,2570.49,23.34,0.382
smart_switch,35.44,1442.43,41.6,0.376
smart_switch,35.18,1687.82,35.55,0.469
smart_switch,33.93,1753.18,34.22,0.51
smart_switch,27.64,1603.79,37.41,0.589
smart_switch,32.55,2628.24,22.83,0.393
smart_switch,34.13,2545.5,23.57,0.589
smart_switch,34.75,1571.63,38.18,0.635
smart_switch,32.64,1899.13,31.59,0.387
smart_switch,26.06,1973.98,30.4,0.511
smart_switch,37.36,1448.44,41.42,0.574
smart_switch,36.84,1518.93,39.5,0.474
smart_switch,33.75,1822.59,32.92,0.398
smart_switch,28.65,2402.55,24.97,0.408
smart_switch,28.18,2339.39,25.65,0.606
smart_switch,36.22,2578.27,23.27,0.648
smart_switch,31.54,1889.4,31.76,0.437
smart_switch,26.81,1076.76,55.72,0.568
smart_switch,31.85,1495.53,40.12,0.388
smart_switch,33.87,1080.08,55.55,0.536
smart_switch,36.8,1472.01,40.76,0.485
smart_switch,33.4,1450.22,41.37,0.525
smart_switch,32.79,1556.09,38.56,0.445
smart_switch,31.14,908.7,66.03,0.424
smart_switch,28.66,2231.67,26.89,0.481
smart_switch,36.08,1141.75,52.55,0.57
smart_switch,36.53,1733.13,34.62,0.458
smart_switch,29.67,1893.01,31.7,0.403
smart_switch,33.28,2415.23,24.84,0.608
smart_switch,27.68,1869.51,32.09,0.429
smart_switch,36.64,1037.63,57.82,0.373
smart_switch,26.22,1812.92,33.1,0.359
smart_switch,32.98,1629.24,36.83,0.527
smart_switch,36.88,1892.87,31.7,0.513
smart_switch,37.98,1749.79,34.29,0.583
smart_switch,30.39,1301.95,46.08,0.582
smart_switch,34.8,1423.8,42.14,0.489
smart_switch,32.12,1614.21,37.17,0.501
smart_switch,33.95,2426.37,24.73,0.592
smart_switch,33.37,1198.52,50.06,0.504
smart_switch,31.35,1222.46,49.08,0.635
smart_switch,33.91,2641.92,22.71,0.571
smart_switch,31.8,1545.83,38.81,0.416
smart_switch,31.85,1013.15,59.22,0.461
smart_switch,26.51,1272.19,47.16,0.622
smart_switch,30.34,1745.41,34.38,0.486
smart_switch,26.56,2665.06,22.51,0.447
smart_switch,34.44,1838.47,32.64,0.599
smart_switch,36.02,1373.97,43.67,0.513
smart_switch,28.09,2076.62,28.89,0.46
smart_switch,33.84,2403.84,24.96,0.505
smart_switch,30.52,2533.04,23.69,0.505
smart_switch,30.23,2461.89,24.37,0.496
smart_switch,31.79,1987.58,30.19,0.501
smart_switch,27.67,1198.09,50.08,0.373
smart_switch,33.72,1280.73,46.85,0.406
smart_switch,30.35,2191.14,27.38,0.385
smart_switch,28.76,2360.11,25.42,0.566
smart_switch,31.78,1761.87,34.05,0.413
smart_switch,27.93,2400.06,25.0,0.357
smart_switch,26.52,1932.28,31.05,0.398
smart_switch,33.55,970.54,61.82,0.522
smart_switch,26.67,1364.87,43.96,0.404
smart_switch,37.5,1978.84,30.32,0.519
smart_switch,26.22,2195.19,27.33,0.549
smart_switch,29.4,1054.35,56.91,0.485
smart_switch,37.91,2461.14,24.38,0.401
smart_switch,35.96,1981.51,30.28,0.588
smart_switch,35.85,1227.39,48.88,0.548
smart_switch,29.17,2203.54,27.23,0.453
smart_switch,31.44,1963.07,30.56,0.419
smart_switch,30.63,1095.43,54.77,0.411
smart_switch,36.32,1807.85,33.19,0.476
smart_switch,27.79,1073.34,55.9,0.493
smart_switch,33.38,970.27,61.84,0.585
smart_switch,32.04,1111.53,53.98,0.495
smart_switch,27.56,1986.25,30.21,0.598
smart_switch,36.76,2294.77,26.15,0.545
smart_switch,32.26,1566.68,38.3,0.363
smart_switch,32.36,1313.08,45.69,0.591
smart_switch,35.47,1586.23,37.83,0.527
smart_switch,34.9,2270.77,26.42,0.559
smart_switch,27.17,1140.99,52.59,0.493
smart_switch,28.79,2446.3,24.53,0.435
smart_switch,36.52,1635.56,36.68,0.407
smart_switch,34.51,2320.96,25.85,0.523
smart_switch,27.41,912.95,65.72,0.546
smart_switch,34.25,1468.62,40.85,0.459
smart_switch,27.86,2072.84,28.95,0.426
smart_switch,36.26,1662.41,36.09,0.46
smart_switch,29.31,2125.09,28.23,0.576
smart_switch,30.96,2310.82,25.96,0.495
smart_switch,30.44,1898.84,31.6,0.426
smart_switch,29.68,1519.84,39.48,0.562
smart_switch,34.83,2439.0,24.6,0.548
smart_switch,34.97,1703.87,35.21,0.56
smart_switch,27.94,1286.02,46.66,0.47
smart_switch,30.06,1891.04,31.73,0.559
smart_switch,34.48,1189.33,50.45,0.639
smart_switch,26.06,1063.96,56.39,0.394
smart_switch,37.11,1683.68,35.64,0.369
smart_switch,28.66,1044.07,57.47,0.361
smart_switch,30.61,2672.01,22.46,0.534
smart_switch,32.25,2180.89,27.51,0.529
smart_switch,37.35,2376.41,25.25,0.542
smart_switch,31.27,1263.07,47.5,0.547
smart_switch,35.65,1414.81,42.41,0.36
smart_switch,33.19,1828.46,32.81,0.42
smart_switch,28.03,964.91,62.18,0.422
smart_switch,26.0,1183.4,50.7,0.649
smart_switch,35.36,1535.63,39.07,0.469
smart_switch,33.03,1831.94,32.75,0.571
smart_switch,26.82,1062.3,56.48,0.435
smart_switch,35.96,2547.02,23.56,0.454
smart_switch,37.56,1397.71,42.93,0.532
smart_switch,28.33,2573.48,23.31,0.522
smart_switch,29.13,1632.84,36.75,0.382
smart_switch,26.87,1429.65,41.97,0.634
smart_switch,35.64,2622.08,22.88,0.613
smart_switch,35.76,1934.81,31.01,0.558
smart_switch,37.59,1913.7,31.35,0.581
smart_switch,35.09,2630.23,22.81,0.488
smart_switch,31.53,1956.29,30.67,0.358
smart_switch,27.4,1021.6,58.73,0.54
smart_switch,37.93,2118.44,28.32,0.419
smart_switch,29.79,2619.8,22.9,0.505
smart_switch,26.12,2397.92,25.02,0.424
smart_switch,27.12,2112.66,28.4,0.596
smart_switch,26.91,2576.51,23.29,0.493
smart_switch,30.24,2509.77,23.91,0.431
smart_switch,37.37,2129.59,28.17,0.623
smart_switch,31.99,1259.4,47.64,0.571
smart_switch,36.47,1272.2,47.16,0.411
smart_switch,29.0,2013.47,29.8,0.397
smart_switch,27.28,2556.34,23.47,0.553
smart_switch,33.96,2004.89,29.93,0.579
smart_switch,32.5,976.07,61.47,0.495
smart_switch,33.45,1786.21,33.59,0.646
smart_switch,36.76,2463.78,24.35,0.497
smart_switch,37.81,2548.81,23.54,0.434
smart_switch,28.67,1938.0,30.96,0.366
smart_switch,35.59,1760.98,34.07,0.512
smart_switch,32.03,1608.69,37.3,0.556
smart_switch,28.1,2657.71,22.58,0.559
smart_switch,31.52,2140.58,28.03,0.354
smart_switch,28.53,1945.81,30.84,0.448
smart_switch,33.35,1367.46,43.88,0.515
smart_switch,28.85,1748.42,34.32,0.534
smart_switch,30.39,1797.79,33.37,0.413
smart_switch,34.41,1570.16,38.21,0.606
smart_switch,29.36,1223.8,49.03,0.389
smart_switch,32.91,1311.42,45.75,0.38
smart_switch,29.24,1324.45,45.3,0.48
smart_switch,30.57,1162.52,51.61,0.638
smart_switch,27.79,2350.2,25.53,0.403
smart_switch,32.0,2692.01,22.29,0.605
smart_switch,32.2,2197.01,27.31,0.586
smart_switch,29.6,1911.85,31.38,0.52
smart_switch,30.78,2142.98,28.0,0.368
smart_switch,35.77,1757.77,34.13,0.539
smart_switch,31.4,1502.38,39.94,0.458
smart_switch,32.72,2577.32,23.28,0.427
smart_switch,26.24,1118.23,53.66,0.61
smart_switch,37.56,1258.12,47.69,0.523
smart_switch,33.79,1214.17,49.42,0.584
smart_switch,30.26,2111.75,28.41,0.496
smart_switch,34.84,2501.34,23.99,0.464
smart_switch,29.44,2037.08,29.45,0.393
smart_switch,28.01,2353.89,25.49,0.451
smart_switch,33.58,1928.95,31.11,0.605
smart_switch,26.86,1191.6,50.35,0.418
smart_switch,29.8,1424.44,42.12,0.43
smart_switch,33.74,1388.25,43.22,0.483
smart_switch,36.35,1553.7,38.62,0.526
smart_switch,37.59,1645.18,36.47,0.405
smart_switch,26.28,2209.99,27.15,0.549
smart_switch,37.29,2161.25,27.76,0.374
smart_switch,28.0,1085.42,55.28,0.369
smart_switch,36.54,1887.18,31.79,0.358
smart_switch,30.76,2276.99,26.35,0.375
smart_switch,29.15,1179.49,50.87,0.546
smart_switch,36.63,1456.87,41.18,0.424
smart_switch,29.41,2027.67,29.59,0.389
smart_switch,36.06,951.43,63.06,0.549
smart_switch,36.32,1485.36,40.39,0.493
smart_switch,37.7,1873.05,32.03,0.432
smart_switch,31.34,2645.18,22.68,0.559
smart_switch,28.12,1975.65,30.37,0.539
smart_switch,33.63,1915.17,31.33,0.507
smart_switch,33.67,1457.39,41.17,0.454
smart_switch,32.48,2348.47,25.55,0.483
smart_switch,30.39,1367.65,43.87,0.441
smart_switch,26.0,2367.68,25.34,0.604
smart_switch,30.13,1744.56,34.39,0.352
smart_switch,37.07,2604.52,23.04,0.493
smart_switch,26.11,1674.78,35.83,0.438
smart_switch,28.77,912.99,65.72,0.462
smart_switch,30.94,1909.0,31.43,0.468
smart_switch,27.96,2226.81,26.94,0.467
smart_switch,30.54,1373.36,43.69,0.477
smart_switch,28.87,2276.17,26.36,0.623
smart_switch,35.69,2132.35,28.14,0.435
smart_switch,34.92,2355.86,25.47,0.474
smart_switch,36.24,1228.33,48.85,0.437
smart_switch,33.64,2011.91,29.82,0.432
smart_switch,33.47,1238.02,48.46,0.356
smart_switch,26.6,1862.95,32.21,0.406
smart_switch,27.23,1384.55,43.34,0.565
smart_switch,34.73,1319.06,45.49,0.395
smart_switch,31.92,1515.44,39.59,0.443
smart_switch,35.59,2696.33,22.25,0.489
smart_switch,35.5,1494.45,40.15,0.603
smart_switch,37.42,1000.87,59.95,0.583
smart_switch,26.86,1746.26,34.36,0.408
smart_switch,36.1,2371.05,25.31,0.598
smart_switch,27.46,2282.66,26.29,0.425
smart_switch,35.25,1697.33,35.35,0.571
smart_switch,26.4,1729.5,34.69,0.581
smart_switch,32.25,2667.81,22.49,0.492
smart_switch,34.18,1461.8,41.05,0.447
smart_switch,33.55,975.93,61.48,0.631
smart_switch,32.25,1355.96,44.25,0.542
smart_switch,28.38,2497.54,24.02,0.609
smart_switch,28.61,1103.27,54.38,0.54
smart_switch,29.89,1201.25,49.95,0.433
smart_switch,27.44,2320.46,25.86,0.353
smart_switch,26.5,2310.26,25.97,0.493
smart_switch,33.15,1568.52,38.25,0.377
smart_switch,27.89,1064.52,56.36,0.536
smart_switch,37.17,2694.55,22.27,0.538
smart_switch,26.72,2060.23,29.12,0.56
smart_switch,35.5,1126.49,53.26,0.42
smart_switch,37.78,2319.41,25.87,0.577
smart_switch,35.67,1689.69,35.51,0.408
smart_switch,34.27,1544.7,38.84,0.39
smart_switch,36.78,1773.54,33.83,0.481
smart_switch,29.54,2154.67,27.85,0.407
smart_switch,28.24,1525.8,39.32,0.57
smart_switch,29.3,2396.43,25.04,0.624
smart_switch,32.65,1023.98,58.6,0.397
smart_switch,29.55,1374.03,43.67,0.46
smart_switch,26.01,2048.45,29.29,0.464
